{
  "type": "Live2D Expression",
  "fade_in": 500,
  "fade_out": 500,
  "params": [
    {"id": "PARAM_EYE_BALL_X", "val": -0.4},
    {"id": "PARAM_EYE_BALL_Y", "val": -0.7},
    {"id": "PARAM_EYE_BALL_KIRAKIRA", "val": 1},
    {"id": "PARAM_EYE_L_OPEN", "val": 1.5, "def": 1, "calc": "mult"},
    {"id": "PARAM_EYE_R_OPEN", "val": 1.5, "def": 1, "calc": "mult"},
    {"id": "PARAM_BROW_L_FORM", "val": 0.5},
    {"id": "PARAM_BROW_R_FORM", "val": 0.5},
    {"id": "PARAM_KAMIYURE_TWIN_L_02", "val": 0.3},
    {"id": "PARAM_KAMIYURE_TWIN_R_02", "val": -0.3},
    {"id": "PARAM_MOUTH_SIZE", "val": 1},
    {"id": "PARAM_TERE", "val": 1, "def": 0.6}
  ]
}
